hip_right,hip_left,knee_right,knee_left,ankle_right,ankle_left,heel_right,heel_left,toe_right,toe_left,ear_right,ear_left,shoulder_right,shoulder_left,elbow_right,elbow_left,wrist_right,wrist_left,angle_right_hip_knee_ankle,angle_left_hip_knee_ankle,distance_right_hip_ankle,distance_left_hip_ankle,angle_right_toe_heel_x,angle_left_toe_heel_x,hip_mid,ear_mid,distance_knee,angle_right_shoulder_elbow_wrist,angle_left_shoulder_elbow_wrist,distance_knee_together,frame
"[1286, 606, 0.021, 1.0]","[1297, 610, -0.022, 1.0]","[1291, 636, 0.014, 0.733]","[1318, 652, -0.031, 0.98]","[1297, 694, 0.041, 0.895]","[1353, 694, -0.019, 0.98]","[1303, 707, 0.043, 0.909]","[1358, 703, -0.019, 0.966]","[1279, 708, 0.028, 0.925]","[1346, 711, -0.036, 0.983]","[1309, 533, -0.016, 0.999]","[1315, 533, -0.055, 1.0]","[1321, 549, 0.004, 1.0]","[1334, 556, -0.06, 1.0]","[1321, 565, 0.016, 0.165]","[1341, 571, -0.08, 0.999]","[1304, 572, 0.006, 0.224]","[1309, 576, -0.08, 0.998]",176,166,103.74,118.09,2,33,"[1291, 608]","[1312, 533]",36.71,112,73,36.71,2
"[1278, 564, -0.013, 0.975]","[1275, 585, 0.012, 0.975]","[1301, 596, -0.081, 0.817]","[1295, 628, -0.05, 0.718]","[1289, 655, -0.117, 0.803]","[1289, 689, -0.094, 0.675]","[1283, 665, -0.122, 0.817]","[1282, 701, -0.101, 0.802]","[1302, 666, -0.162, 0.855]","[1285, 689, -0.139, 0.801]","[1341, 574, 0.025, 0.979]","[1338, 591, 0.034, 0.939]","[1328, 554, 0.033, 0.998]","[1323, 600, 0.046, 0.998]","[1318, 519, 0.041, 0.528]","[1345, 646, 0.024, 0.952]","[1302, 504, 0.058, 0.677]","[1364, 692, -0.009, 0.984]",132,149,157.68,180.52,176,255,"[1276, 574]","[1339, 582]",56.01,149,176,56.01,3
"[1305, 583, 0.011, 1.0]","[1329, 599, -0.011, 1.0]","[1294, 634, -0.015, 0.772]","[1355, 643, -0.03, 0.969]","[1288, 700, 0.011, 0.944]","[1382, 690, -0.032, 0.985]","[1293, 716, 0.013, 0.923]","[1387, 695, -0.034, 0.954]","[1270, 705, -0.015, 0.904]","[1378, 712, -0.057, 0.973]","[1304, 533, -0.087, 1.0]","[1310, 545, -0.115, 1.0]","[1321, 527, -0.053, 1.0]","[1333, 573, -0.087, 1.0]","[1325, 524, -0.001, 0.135]","[1344, 582, -0.088, 0.998]","[1311, 534, 0.028, 0.203]","[1310, 570, -0.072, 0.998]",173,179,120.4,107.24,334,62,"[1317, 591]","[1307, 539]",62.79,1,19,62.79,4
"[1297, 576, -0.002, 1.0]","[1312, 580, 0.002, 1.0]","[1315, 631, -0.038, 0.731]","[1336, 608, -0.022, 0.845]","[1310, 691, -0.026, 0.905]","[1366, 654, -0.016, 0.864]","[1308, 698, -0.025, 0.779]","[1357, 667, -0.015, 0.791]","[1316, 713, -0.044, 0.836]","[1361, 677, -0.029, 0.759]","[1324, 554, -0.15, 1.0]","[1330, 563, -0.157, 1.0]","[1318, 551, -0.108, 1.0]","[1329, 568, -0.114, 1.0]","[1313, 538, -0.054, 0.378]","[1332, 582, -0.07, 0.969]","[1303, 534, -0.012, 0.308]","[1311, 566, -0.019, 0.875]",157,172,185.19,146.59,118,111,"[1304, 578]","[1327, 558]",49.84,132,40,49.84,5
"[1300, 596, 0.0, 1.0]","[1302, 602, -0.0, 1.0]","[1326, 633, -0.012, 0.708]","[1300, 638, -0.01, 0.978]","[1339, 686, 0.01, 0.68]","[1301, 705, 0.004, 0.98]","[1341, 694, 0.012, 0.423]","[1307, 717, 0.005, 0.921]","[1348, 704, -0.007, 0.777]","[1288, 715, -0.017, 0.971]","[1352, 583, -0.136, 1.0]","[1350, 591, -0.145, 1.0]","[1339, 572, -0.106, 1.0]","[1336, 592, -0.117, 1.0]","[1327, 551, -0.095, 0.95]","[1328, 597, -0.098, 0.975]","[1312, 545, -0.101, 0.801]","[1321, 596, -0.08, 0.766]",158,175,156.96,164.83,124,353,"[1301, 599]","[1351, 587]",42.37,141,139,42.37,6
"[1316, 634, 0.011, 1.0]","[1308, 631, -0.011, 1.0]","[1320, 667, 0.007, 0.381]","[1311, 669, -0.02, 0.882]","[1321, 701, 0.008, 0.745]","[1320, 701, -0.024, 0.945]","[1322, 705, 0.007, 0.815]","[1322, 705, -0.025, 0.974]","[1319, 713, -0.001, 0.615]","[1322, 710, -0.034, 0.913]","[1334, 600, 0.029, 0.996]","[1331, 597, 0.02, 0.997]","[1335, 605, 0.031, 1.0]","[1324, 595, 0.004, 1.0]","[1334, 603, 0.032, 0.651]","[1319, 591, 0.003, 0.965]","[1333, 591, 0.027, 0.74]","[1312, 584, 0.005, 0.914]",174,168,122.4,129.39,69,90,"[1312, 632]","[1332, 598]",16.8,158,173,16.8,7
"[1322, 606, 0.002, 1.0]","[1311, 589, -0.002, 0.999]","[1337, 664, -0.01, 0.878]","[1330, 600, -0.021, 0.437]","[1355, 708, -0.004, 0.873]","[1350, 594, -0.001, 0.594]","[1355, 714, -0.004, 0.843]","[1350, 597, -0.0, 0.673]","[1362, 718, -0.01, 0.856]","[1363, 587, 0.0, 0.688]","[1352, 575, -0.137, 1.0]","[1343, 562, -0.13, 1.0]","[1352, 582, -0.104, 1.0]","[1333, 559, -0.106, 1.0]","[1360, 593, -0.139, 0.998]","[1317, 547, -0.137, 0.999]","[1317, 595, -0.179, 0.893]","[1317, 582, -0.173, 0.866]",172,133,233.29,85.56,150,217,"[1316, 597]","[1347, 568]",140.1,56,53,140.1,8
"[1316, 602, -0.004, 0.998]","[1317, 608, 0.004, 0.998]","[1311, 580, -0.036, 0.981]","[1318, 605, -0.03, 0.841]","[1302, 598, -0.015, 0.488]","[1305, 600, -0.002, 0.26]","[1305, 603, -0.012, 0.464]","[1309, 595, 0.001, 0.276]","[1295, 607, -0.013, 0.491]","[1297, 594, 0.0, 0.375]","[1365, 584, -0.032, 0.999]","[1366, 584, -0.014, 0.999]","[1358, 595, -0.032, 0.994]","[1359, 596, -0.012, 0.987]","[1361, 583, -0.049, 0.911]","[1359, 585, -0.017, 0.289]","[1364, 561, -0.065, 0.815]","[1361, 560, -0.029, 0.593]",39,92,40.68,40.29,21,355,"[1316, 605]","[1365, 584]",72.53,173,175,72.53,9
"[1324, 610, 0.031, 1.0]","[1346, 605, -0.031, 1.0]","[1333, 658, 0.04, 0.921]","[1338, 652, -0.053, 0.993]","[1360, 708, 0.062, 0.943]","[1397, 656, -0.003, 0.953]","[1368, 717, 0.063, 0.965]","[1403, 651, 0.003, 0.923]","[1341, 727, 0.051, 0.933]","[1404, 678, -0.005, 0.932]","[1289, 504, -0.003, 0.987]","[1298, 502, -0.05, 0.998]","[1304, 528, 0.033, 1.0]","[1332, 523, -0.051, 1.0]","[1313, 565, 0.05, 0.253]","[1372, 546, -0.059, 0.999]","[1298, 602, 0.021, 0.591]","[1384, 588, -0.069, 0.996]",162,84,98.86,68.29,20,92,"[1335, 607]","[1293, 503]",7.4,144,135,7.4,10
"[1314, 606, 0.033, 1.0]","[1327, 608, -0.033, 1.0]","[1339, 656, 0.045, 0.924]","[1340, 653, -0.049, 0.998]","[1372, 705, 0.068, 0.95]","[1393, 666, -0.008, 0.985]","[1382, 713, 0.07, 0.962]","[1399, 663, -0.004, 0.976]","[1352, 723, 0.056, 0.932]","[1389, 692, -0.016, 0.963]","[1292, 502, -0.005, 0.999]","[1300, 500, -0.056, 1.0]","[1308, 525, 0.026, 1.0]","[1339, 523, -0.055, 1.0]","[1309, 559, 0.05, 0.125]","[1379, 533, -0.08, 0.997]","[1296, 587, 0.043, 0.383]","[1398, 572, -0.098, 0.982]",172,119,106.24,81.35,18,70,"[1320, 607]","[1296, 501]",2.93,153,130,2.93,11
"[1339, 597, 0.032, 1.0]","[1354, 594, -0.032, 1.0]","[1374, 648, 0.058, 0.954]","[1329, 639, -0.06, 0.999]","[1410, 696, 0.101, 0.986]","[1354, 699, -0.031, 0.999]","[1421, 696, 0.105, 0.992]","[1361, 709, -0.028, 0.997]","[1407, 719, 0.091, 0.962]","[1338, 724, -0.054, 0.994]","[1300, 491, -0.02, 1.0]","[1314, 487, -0.06, 1.0]","[1302, 522, 0.013, 1.0]","[1348, 507, -0.046, 1.0]","[1298, 565, -0.018, 0.909]","[1396, 511, -0.045, 0.999]","[1290, 551, -0.107, 0.99]","[1407, 553, -0.043, 0.993]",177,128,103.68,89.36,58,33,"[1346, 595]","[1307, 489]",39.05,35,109,39.05,14
"[1340, 617, 0.007, 1.0]","[1347, 600, -0.007, 1.0]","[1347, 658, 0.001, 0.707]","[1380, 590, -0.035, 0.902]","[1344, 715, -0.008, 0.939]","[1372, 561, -0.032, 0.933]","[1346, 721, -0.008, 0.932]","[1373, 554, -0.031, 0.932]","[1339, 738, -0.025, 0.813]","[1368, 557, -0.046, 0.778]","[1346, 624, -0.09, 0.98]","[1356, 606, -0.101, 0.99]","[1353, 629, -0.066, 0.997]","[1372, 598, -0.085, 0.997]","[1347, 665, -0.075, 0.343]","[1397, 596, -0.109, 0.635]","[1351, 682, -0.098, 0.608]","[1414, 601, -0.141, 0.936]",167,91,1006.51,475.38,67,30,"[1343, 608]","[1351, 615]",775.64,157,159,775.64,15
"[1341, 604, -0.001, 1.0]","[1358, 610, 0.001, 1.0]","[1344, 648, -0.022, 0.991]","[1388, 630, -0.015, 0.966]","[1334, 697, 0.006, 0.99]","[1418, 657, 0.01, 0.98]","[1336, 706, 0.009, 0.966]","[1422, 657, 0.012, 0.972]","[1326, 706, -0.006, 0.971]","[1443, 665, 0.005, 0.95]","[1349, 595, -0.123, 1.0]","[1357, 601, -0.134, 1.0]","[1345, 587, -0.095, 1.0]","[1366, 605, -0.107, 1.0]","[1322, 583, -0.088, 0.987]","[1350, 617, -0.101, 0.972]","[1305, 600, -0.097, 0.975]","[1343, 641, -0.107, 0.856]",164,171,201.94,165.03,0,159,"[1349, 607]","[1353, 598]",102.94,125,143,102.94,16
"[1334, 587, 0.029, 1.0]","[1333, 588, -0.029, 1.0]","[1382, 626, 0.042, 0.497]","[1340, 655, -0.045, 0.999]","[1422, 650, 0.083, 0.825]","[1342, 727, -0.031, 0.997]","[1436, 642, 0.087, 0.892]","[1348, 736, -0.03, 0.986]","[1429, 658, 0.08, 0.863]","[1320, 744, -0.051, 0.99]","[1311, 488, 0.052, 1.0]","[1317, 487, 0.015, 1.0]","[1340, 523, 0.07, 1.0]","[1359, 517, -0.007, 1.0]","[1344, 558, 0.059, 0.489]","[1397, 546, -0.043, 0.998]","[1312, 591, 0.035, 0.291]","[1391, 588, -0.068, 0.957]",171,175,96.31,123.95,66,15,"[1333, 587]","[1314, 487]",45.42,129,119,45.42,17
"[1334, 564, 0.005, 1.0]","[1333, 575, -0.005, 1.0]","[1334, 558, -0.038, 0.971]","[1326, 577, -0.044, 0.99]","[1337, 598, -0.033, 0.759]","[1326, 550, -0.026, 0.865]","[1338, 603, -0.032, 0.823]","[1327, 547, -0.024, 0.923]","[1339, 613, -0.038, 0.8]","[1329, 537, -0.029, 0.888]","[1379, 568, -0.0, 1.0]","[1379, 575, -0.005, 1.0]","[1367, 563, 0.004, 1.0]","[1368, 581, -0.01, 0.999]","[1369, 549, -0.022, 0.926]","[1382, 584, -0.045, 0.909]","[1370, 540, -0.053, 0.657]","[1383, 565, -0.071, 0.603]",4,74,129.75,98.69,95,258,"[1333, 569]","[1379, 571]",78.37,178,80,78.37,18
"[1342, 606, 0.033, 1.0]","[1367, 605, -0.033, 1.0]","[1343, 666, 0.043, 0.895]","[1353, 671, -0.037, 0.998]","[1392, 644, 0.125, 0.911]","[1373, 733, -0.004, 0.999]","[1400, 635, 0.133, 0.956]","[1380, 741, -0.002, 0.989]","[1407, 669, 0.129, 0.964]","[1355, 756, -0.035, 0.998]","[1309, 497, -0.061, 1.0]","[1322, 496, -0.104, 1.0]","[1308, 523, -0.013, 1.0]","[1362, 529, -0.102, 1.0]","[1321, 563, 0.018, 0.644]","[1384, 580, -0.108, 1.0]","[1324, 595, -0.007, 0.691]","[1357, 611, -0.11, 0.998]",66,150,58.71,119.8,101,30,"[1354, 605]","[1315, 496]",10.45,167,115,10.45,19
"[1344, 609, 0.022, 1.0]","[1374, 610, -0.022, 1.0]","[1317, 654, -0.076, 0.994]","[1379, 682, -0.031, 0.996]","[1367, 677, 0.022, 0.916]","[1412, 730, 0.048, 0.995]","[1374, 675, 0.032, 0.802]","[1421, 737, 0.054, 0.817]","[1366, 709, 0.017, 0.94]","[1401, 753, 0.015, 0.989]","[1313, 495, -0.075, 1.0]","[1324, 494, -0.112, 1.0]","[1317, 524, -0.031, 1.0]","[1360, 532, -0.101, 1.0]","[1340, 574, -0.023, 0.346]","[1361, 588, -0.122, 0.987]","[1362, 621, -0.058, 0.215]","[1320, 586, -0.143, 0.947]",83,149,61.25,107.41,76,38,"[1359, 609]","[1318, 494]",58.05,179,86,58.05,21
"[1325, 551, 0.007, 1.0]","[1327, 545, -0.007, 1.0]","[1334, 531, -0.019, 0.331]","[1346, 535, -0.025, 0.846]","[1311, 493, -0.064, 0.872]","[1317, 505, -0.058, 0.98]","[1307, 488, -0.069, 0.902]","[1312, 501, -0.062, 0.979]","[1308, 484, -0.086, 0.91]","[1315, 496, -0.078, 0.985]","[1363, 564, -0.03, 1.0]","[1364, 554, -0.028, 0.999]","[1356, 562, -0.022, 1.0]","[1358, 544, -0.035, 1.0]","[1338, 562, -0.029, 0.8]","[1340, 536, -0.049, 0.99]","[1316, 553, -0.04, 0.716]","[1324, 526, -0.06, 0.858]",124,73,143.66,99.27,255,239,"[1326, 548]","[1363, 559]",30.45,157,171,30.45,23
"[1334, 582, 0.012, 1.0]","[1321, 603, -0.012, 1.0]","[1353, 554, -0.046, 0.98]","[1316, 653, -0.059, 0.926]","[1313, 541, -0.039, 0.967]","[1320, 694, -0.056, 0.879]","[1305, 541, -0.038, 0.912]","[1318, 697, -0.055, 0.887]","[1309, 535, -0.058, 0.966]","[1328, 715, -0.068, 0.929]","[1366, 601, -0.136, 1.0]","[1356, 609, -0.157, 1.0]","[1368, 600, -0.095, 1.0]","[1345, 623, -0.132, 1.0]","[1348, 589, -0.108, 0.626]","[1317, 614, -0.171, 0.846]","[1341, 597, -0.15, 0.782]","[1315, 603, -0.227, 0.977]",73,168,188.94,373.26,236,119,"[1327, 592]","[1361, 605]",433.48,102,118,433.48,26
"[1339, 622, 0.035, 1.0]","[1353, 621, -0.035, 1.0]","[1341, 695, 0.039, 0.937]","[1335, 690, -0.062, 0.999]","[1372, 756, 0.069, 0.997]","[1401, 669, -0.007, 0.996]","[1384, 765, 0.071, 0.991]","[1407, 661, -0.002, 0.991]","[1350, 774, 0.053, 0.995]","[1422, 692, -0.007, 0.996]","[1305, 515, -0.035, 0.99]","[1316, 515, -0.079, 0.998]","[1321, 543, 0.016, 1.0]","[1353, 528, -0.077, 1.0]","[1317, 582, 0.039, 0.8]","[1391, 547, -0.102, 0.998]","[1290, 602, 0.008, 0.963]","[1395, 598, -0.13, 0.984]",154,57,120.74,59.39,14,115,"[1346, 621]","[1310, 515]",6.83,132,121,6.83,28
"[1338, 625, 0.043, 1.0]","[1361, 617, -0.043, 1.0]","[1349, 697, 0.054, 0.917]","[1319, 680, -0.075, 0.998]","[1395, 757, 0.092, 0.986]","[1388, 686, 0.001, 0.991]","[1409, 769, 0.093, 0.973]","[1399, 682, 0.009, 0.957]","[1366, 780, 0.073, 0.983]","[1394, 725, 0.0, 0.99]","[1280, 492, -0.043, 1.0]","[1293, 489, -0.09, 1.0]","[1287, 534, 0.015, 1.0]","[1336, 521, -0.087, 1.0]","[1303, 584, -0.001, 0.793]","[1395, 535, -0.094, 1.0]","[1278, 589, -0.108, 0.99]","[1405, 582, -0.102, 0.998]",151,61,105.91,54.58,14,83,"[1349, 621]","[1286, 490]",25.4,83,115,25.4,29
"[1332, 617, 0.042, 1.0]","[1352, 613, -0.042, 1.0]","[1357, 698, 0.037, 0.968]","[1304, 666, -0.082, 0.999]","[1412, 747, 0.086, 0.997]","[1362, 712, -0.008, 0.998]","[1428, 752, 0.089, 0.992]","[1377, 714, -0.002, 0.987]","[1398, 775, 0.069, 0.995]","[1354, 749, -0.017, 0.997]","[1278, 489, -0.029, 1.0]","[1290, 485, -0.079, 1.0]","[1282, 531, 0.022, 1.0]","[1335, 516, -0.081, 1.0]","[1288, 581, -0.015, 0.897]","[1394, 524, -0.101, 1.0]","[1268, 569, -0.135, 0.99]","[1403, 573, -0.107, 0.994]",148,86,108.48,70.72,37,56,"[1342, 615]","[1284, 487]",44.0,52,108,44.0,30
"[1324, 619, 0.041, 1.0]","[1346, 613, -0.041, 1.0]","[1365, 688, 0.026, 0.968]","[1290, 662, -0.067, 0.998]","[1421, 741, 0.049, 0.997]","[1332, 733, -0.011, 0.999]","[1441, 740, 0.051, 0.993]","[1346, 740, -0.007, 0.988]","[1419, 777, 0.028, 0.994]","[1316, 768, -0.03, 0.996]","[1278, 485, -0.017, 1.0]","[1288, 482, -0.067, 1.0]","[1278, 526, 0.033, 1.0]","[1334, 508, -0.06, 1.0]","[1279, 576, -0.003, 0.951]","[1394, 518, -0.071, 1.0]","[1263, 557, -0.122, 0.996]","[1399, 570, -0.073, 0.994]",164,100,108.63,84.2,59,43,"[1335, 616]","[1283, 483]",55.32,38,104,55.32,31
"[1318, 622, 0.043, 1.0]","[1341, 615, -0.043, 1.0]","[1367, 685, 0.064, 0.941]","[1287, 670, -0.096, 0.998]","[1427, 723, 0.125, 0.984]","[1306, 757, -0.054, 0.999]","[1441, 719, 0.131, 0.988]","[1317, 770, -0.051, 0.996]","[1437, 762, 0.111, 0.978]","[1276, 778, -0.09, 0.997]","[1271, 485, -0.014, 1.0]","[1284, 479, -0.068, 1.0]","[1275, 520, 0.041, 1.0]","[1329, 505, -0.056, 1.0]","[1275, 568, 0.001, 0.936]","[1389, 521, -0.051, 1.0]","[1257, 556, -0.122, 0.989]","[1391, 575, -0.037, 0.998]",160,123,103.6,101.96,84,11,"[1329, 618]","[1277, 482]",56.75,56,107,56.75,32
"[1314, 617, 0.042, 1.0]","[1335, 611, -0.042, 1.0]","[1354, 688, 0.066, 0.959]","[1286, 680, -0.116, 0.997]","[1429, 701, 0.124, 0.989]","[1287, 772, -0.095, 0.999]","[1443, 693, 0.13, 0.992]","[1296, 786, -0.095, 0.994]","[1446, 735, 0.113, 0.987]","[1250, 788, -0.133, 0.997]","[1265, 482, -0.018, 1.0]","[1279, 478, -0.068, 1.0]","[1265, 519, 0.038, 1.0]","[1323, 506, -0.064, 1.0]","[1278, 563, 0.002, 0.927]","[1384, 534, -0.073, 1.0]","[1259, 576, -0.117, 0.971]","[1374, 587, -0.082, 0.999]",129,143,99.46,117.33,94,2,"[1324, 614]","[1272, 480]",47.82,107,103,47.82,33
"[1308, 618, 0.042, 1.0]","[1328, 614, -0.042, 1.0]","[1336, 696, 0.096, 0.905]","[1287, 689, -0.084, 0.995]","[1413, 682, 0.188, 0.943]","[1284, 783, -0.077, 0.998]","[1424, 668, 0.198, 0.98]","[1295, 797, -0.079, 0.988]","[1434, 710, 0.19, 0.95]","[1249, 805, -0.123, 0.993]","[1259, 486, -0.049, 1.0]","[1271, 482, -0.107, 1.0]","[1263, 519, 0.01, 1.0]","[1318, 514, -0.098, 1.0]","[1278, 567, 0.032, 0.682]","[1372, 553, -0.102, 1.0]","[1260, 597, -0.026, 0.779]","[1355, 605, -0.115, 0.998]",99,153,89.19,126.67,103,9,"[1318, 616]","[1265, 484]",35.9,131,107,35.9,34
"[1303, 618, 0.043, 1.0]","[1327, 618, -0.042, 1.0]","[1317, 693, 0.11, 0.722]","[1294, 701, -0.087, 0.994]","[1386, 672, 0.214, 0.842]","[1302, 788, -0.093, 0.999]","[1392, 658, 0.225, 0.944]","[1314, 802, -0.095, 0.991]","[1411, 700, 0.229, 0.845]","[1273, 815, -0.132, 0.993]","[1252, 487, -0.067, 1.0]","[1268, 485, -0.12, 1.0]","[1256, 519, -0.01, 1.0]","[1309, 521, -0.116, 1.0]","[1277, 568, 0.021, 0.638]","[1352, 573, -0.127, 0.999]","[1266, 610, -0.02, 0.779]","[1320, 617, -0.132, 0.992]",83,153,72.36,125.57,114,17,"[1315, 618]","[1260, 486]",17.8,142,104,17.8,35
"[1292, 631, 0.048, 0.997]","[1325, 630, -0.048, 1.0]","[1274, 703, 0.017, 0.924]","[1292, 707, -0.081, 0.984]","[1352, 675, 0.135, 0.866]","[1326, 786, -0.016, 0.997]","[1360, 667, 0.147, 0.92]","[1340, 800, -0.012, 0.967]","[1369, 708, 0.14, 0.881]","[1304, 821, -0.062, 0.993]","[1243, 490, -0.07, 1.0]","[1261, 487, -0.126, 1.0]","[1250, 524, 0.001, 0.999]","[1302, 524, -0.124, 1.0]","[1280, 580, 0.024, 0.103]","[1325, 586, -0.145, 0.993]","[1299, 622, -0.034, 0.068]","[1284, 619, -0.16, 0.935]",56,133,54.39,114.03,102,30,"[1308, 630]","[1252, 488]",13.48,176,108,13.48,36
"[1292, 635, 0.048, 0.998]","[1321, 642, -0.048, 0.999]","[1240, 693, 0.072, 0.841]","[1304, 715, -0.034, 0.987]","[1324, 691, 0.189, 0.46]","[1351, 783, 0.033, 0.987]","[1338, 686, 0.202, 0.527]","[1364, 791, 0.04, 0.931]","[1333, 723, 0.219, 0.559]","[1337, 811, 0.022, 0.981]","[1236, 490, -0.063, 1.0]","[1248, 488, -0.13, 1.0]","[1252, 522, -0.006, 0.999]","[1289, 536, -0.141, 1.0]","[1259, 574, 0.043, 0.155]","[1300, 607, -0.136, 0.986]","[1252, 592, 0.038, 0.127]","[1247, 606, -0.097, 0.946]",46,132,45.79,102.34,82,36,"[1306, 638]","[1242, 489]",48.05,151,80,48.05,37
"[1283, 631, 0.051, 0.999]","[1310, 638, -0.051, 1.0]","[1219, 673, 0.02, 0.977]","[1325, 724, -0.019, 0.998]","[1286, 720, 0.093, 0.944]","[1377, 783, 0.046, 0.998]","[1302, 721, 0.099, 0.923]","[1391, 791, 0.052, 0.981]","[1280, 762, 0.087, 0.947]","[1362, 816, 0.01, 0.996]","[1230, 489, -0.019, 1.0]","[1237, 489, -0.081, 1.0]","[1246, 527, 0.047, 0.998]","[1269, 535, -0.105, 1.0]","[1263, 576, 0.08, 0.05]","[1272, 599, -0.108, 0.993]","[1239, 585, 0.042, 0.111]","[1225, 583, -0.065, 0.983]",68,148,59.4,106.55,61,40,"[1296, 634]","[1233, 489]",78.47,91,68,78.47,38
"[1266, 628, 0.043, 1.0]","[1300, 635, -0.043, 1.0]","[1203, 669, -0.01, 0.983]","[1332, 714, -0.02, 0.998]","[1250, 741, 0.061, 0.977]","[1394, 774, 0.055, 0.997]","[1268, 752, 0.068, 0.953]","[1408, 777, 0.061, 0.95]","[1221, 773, 0.049, 0.972]","[1393, 816, 0.018, 0.992]","[1217, 485, 0.011, 1.0]","[1225, 485, -0.057, 1.0]","[1235, 518, 0.055, 0.999]","[1263, 532, -0.085, 1.0]","[1251, 580, 0.031, 0.041]","[1264, 596, -0.08, 0.993]","[1235, 589, -0.064, 0.107]","[1215, 566, -0.006, 0.99]",89,156,73.59,108.21,24,68,"[1283, 631]","[1221, 485]",88.1,104,57,88.1,39
"[1258, 632, 0.049, 1.0]","[1287, 637, -0.049, 1.0]","[1187, 669, -0.039, 0.988]","[1330, 710, -0.013, 0.999]","[1210, 763, -0.01, 0.99]","[1404, 758, 0.059, 0.999]","[1226, 779, -0.009, 0.972]","[1417, 756, 0.065, 0.977]","[1174, 786, -0.038, 0.988]","[1407, 800, 0.026, 0.995]","[1199, 481, 0.0, 1.0]","[1211, 480, -0.071, 1.0]","[1228, 518, 0.061, 1.0]","[1245, 527, -0.097, 1.0]","[1249, 576, 0.061, 0.019]","[1257, 598, -0.093, 0.995]","[1254, 606, -0.018, 0.04]","[1210, 568, -0.013, 0.987]",103,153,88.37,106.6,7,77,"[1272, 634]","[1205, 480]",94.22,169,47,94.22,40
"[1246, 598, 0.029, 0.999]","[1252, 599, -0.029, 1.0]","[1211, 661, 0.018, 0.361]","[1237, 666, -0.019, 0.869]","[1210, 726, 0.061, 0.422]","[1234, 722, 0.037, 0.748]","[1216, 736, 0.064, 0.383]","[1238, 731, 0.042, 0.62]","[1192, 741, 0.047, 0.33]","[1214, 738, 0.029, 0.708]","[1193, 483, -0.043, 0.993]","[1196, 484, -0.084, 0.998]","[1226, 518, -0.006, 0.995]","[1222, 526, -0.097, 1.0]","[1253, 557, 0.023, 0.033]","[1237, 582, -0.1, 0.993]","[1250, 583, 0.03, 0.047]","[1196, 588, -0.081, 0.972]",151,170,103.82,97.06,11,16,"[1249, 598]","[1194, 483]",20.67,138,83,20.67,41
"[1208, 617, 0.023, 1.0]","[1230, 620, -0.023, 1.0]","[1178, 674, -0.006, 0.991]","[1256, 694, -0.039, 0.976]","[1187, 759, 0.013, 0.996]","[1303, 707, 0.032, 0.83]","[1192, 761, 0.014, 0.982]","[1307, 704, 0.038, 0.739]","[1160, 773, -0.01, 0.988]","[1318, 733, 0.027, 0.882]","[1176, 487, -0.014, 1.0]","[1180, 485, -0.062, 1.0]","[1215, 529, 0.022, 1.0]","[1225, 529, -0.074, 1.0]","[1231, 579, 0.033, 0.044]","[1240, 580, -0.083, 0.996]","[1215, 607, 0.011, 0.039]","[1202, 604, -0.065, 0.989]",146,124,105.37,83.36,20,110,"[1219, 618]","[1178, 486]",59.11,132,105,59.11,42
"[1224, 629, 0.037, 1.0]","[1234, 628, -0.037, 1.0]","[1179, 700, 0.026, 0.908]","[1249, 732, -0.062, 0.994]","[1198, 775, 0.047, 0.971]","[1326, 694, 0.016, 0.973]","[1214, 773, 0.048, 0.885]","[1329, 682, 0.024, 0.917]","[1199, 801, 0.031, 0.936]","[1358, 715, 0.022, 0.978]","[1161, 487, 0.008, 1.0]","[1166, 487, -0.042, 1.0]","[1194, 531, 0.055, 1.0]","[1206, 528, -0.068, 1.0]","[1217, 582, 0.074, 0.074]","[1250, 583, -0.077, 0.999]","[1201, 617, 0.051, 0.247]","[1213, 626, -0.058, 0.998]",133,71,103.77,79.23,61,131,"[1229, 628]","[1163, 487]",53.86,131,100,53.86,43
"[1215, 634, 0.048, 1.0]","[1231, 633, -0.048, 1.0]","[1195, 718, 0.049, 0.772]","[1200, 728, -0.066, 0.997]","[1260, 755, 0.088, 0.951]","[1288, 707, -0.007, 0.996]","[1272, 755, 0.09, 0.916]","[1304, 716, -0.001, 0.983]","[1268, 785, 0.078, 0.936]","[1310, 740, -0.008, 0.996]","[1147, 487, -0.002, 0.999]","[1152, 488, -0.064, 1.0]","[1175, 535, 0.051, 0.999]","[1191, 526, -0.097, 1.0]","[1197, 588, 0.09, 0.416]","[1249, 571, -0.11, 1.0]","[1159, 625, 0.076, 0.894]","[1237, 629, -0.097, 0.999]",106,58,87.04,62.98,82,104,"[1223, 633]","[1149, 487]",7.54,111,116,7.54,44
"[1202, 653, 0.057, 1.0]","[1215, 648, -0.057, 1.0]","[1205, 735, 0.072, 0.834]","[1172, 723, -0.086, 0.998]","[1261, 817, 0.095, 0.952]","[1257, 716, -0.017, 0.989]","[1278, 829, 0.095, 0.944]","[1269, 710, -0.009, 0.981]","[1224, 839, 0.084, 0.938]","[1267, 763, 0.005, 0.988]","[1135, 487, -0.011, 1.0]","[1145, 486, -0.08, 1.0]","[1159, 535, 0.058, 1.0]","[1181, 526, -0.101, 1.0]","[1177, 594, 0.108, 0.372]","[1249, 559, -0.126, 1.0]","[1131, 611, 0.069, 0.914]","[1246, 623, -0.136, 0.999]",147,55,106.97,49.05,10,87,"[1208, 650]","[1140, 486]",21.55,93,113,21.55,45
"[1184, 651, 0.05, 1.0]","[1199, 649, -0.05, 1.0]","[1223, 741, 0.067, 0.958]","[1128, 702, -0.059, 0.997]","[1286, 806, 0.117, 0.995]","[1211, 743, 0.037, 0.995]","[1303, 814, 0.122, 0.986]","[1227, 741, 0.048, 0.977]","[1262, 838, 0.109, 0.99]","[1207, 790, 0.05, 0.993]","[1125, 482, -0.012, 1.0]","[1130, 482, -0.078, 1.0]","[1140, 536, 0.048, 1.0]","[1172, 521, -0.095, 1.0]","[1145, 596, 0.101, 0.633]","[1242, 544, -0.127, 1.0]","[1103, 588, 0.086, 0.98]","[1239, 605, -0.149, 0.999]",159,63,108.79,55.56,30,67,"[1191, 650]","[1127, 482]",60.21,74,105,60.21,46
"[1168, 640, 0.045, 1.0]","[1175, 638, -0.045, 1.0]","[1227, 723, 0.042, 0.98]","[1100, 693, -0.04, 0.999]","[1286, 789, 0.055, 0.998]","[1157, 771, 0.015, 0.998]","[1314, 803, 0.055, 0.996]","[1175, 780, 0.02, 0.993]","[1290, 820, 0.04, 0.995]","[1140, 810, 0.015, 0.995]","[1114, 480, -0.007, 1.0]","[1119, 480, -0.064, 1.0]","[1120, 533, 0.051, 1.0]","[1162, 517, -0.075, 1.0]","[1117, 591, 0.037, 0.908]","[1227, 536, -0.101, 1.0]","[1086, 566, -0.052, 0.995]","[1226, 596, -0.107, 0.998]",173,90,111.04,78.41,35,40,"[1171, 639]","[1116, 480]",76.24,54,105,76.24,47
"[1151, 646, 0.05, 1.0]","[1158, 644, -0.05, 1.0]","[1219, 721, 0.037, 0.968]","[1080, 700, -0.042, 0.998]","[1297, 770, 0.042, 0.993]","[1110, 795, 0.002, 0.998]","[1317, 767, 0.042, 0.99]","[1126, 810, 0.006, 0.995]","[1308, 803, 0.029, 0.984]","[1074, 820, -0.006, 0.995]","[1098, 476, -0.008, 1.0]","[1106, 475, -0.073, 1.0]","[1103, 529, 0.058, 1.0]","[1146, 516, -0.085, 1.0]","[1104, 589, 0.059, 0.655]","[1216, 537, -0.11, 1.0]","[1074, 564, -0.016, 0.971]","[1210, 598, -0.108, 0.997]",164,108,109.9,90.9,75,10,"[1154, 645]","[1102, 475]",80.65,49,101,80.65,48
"[1141, 643, 0.051, 1.0]","[1143, 645, -0.051, 1.0]","[1185, 721, 0.055, 0.943]","[1076, 711, -0.062, 0.989]","[1282, 733, 0.075, 0.984]","[1070, 814, -0.046, 0.997]","[1297, 721, 0.077, 0.986]","[1082, 827, -0.045, 0.992]","[1306, 768, 0.067, 0.974]","[1028, 831, -0.065, 0.994]","[1080, 477, -0.005, 1.0]","[1086, 476, -0.076, 1.0]","[1092, 523, 0.054, 1.0]","[1131, 519, -0.1, 1.0]","[1104, 581, 0.058, 0.595]","[1195, 550, -0.123, 1.0]","[1062, 585, -0.005, 0.919]","[1180, 611, -0.114, 0.999]",126,137,100.53,110.64,100,4,"[1142, 644]","[1083, 476]",65.78,83,102,65.78,49
"[1111, 631, 0.043, 1.0]","[1126, 634, -0.043, 1.0]","[1148, 718, 0.04, 0.973]","[1076, 714, -0.073, 0.99]","[1232, 709, 0.077, 0.988]","[1089, 779, -0.037, 0.996]","[1244, 697, 0.08, 0.992]","[1095, 787, -0.035, 0.991]","[1242, 727, 0.057, 0.979]","[1064, 809, -0.066, 0.992]","[1061, 478, -0.029, 1.0]","[1065, 479, -0.087, 1.0]","[1079, 530, 0.021, 1.0]","[1112, 528, -0.105, 1.0]","[1093, 586, 0.036, 0.834]","[1166, 572, -0.117, 1.0]","[1055, 610, -0.006, 0.946]","[1142, 624, -0.112, 0.998]",106,136,94.22,97.94,86,35,"[1118, 632]","[1063, 478]",47.19,108,104,47.19,50
"[1101, 642, 0.048, 1.0]","[1110, 646, -0.048, 1.0]","[1117, 736, 0.072, 0.927]","[1060, 730, -0.063, 0.982]","[1197, 696, 0.148, 0.903]","[1076, 802, -0.011, 0.956]","[1204, 680, 0.157, 0.97]","[1078, 806, -0.007, 0.907]","[1236, 716, 0.159, 0.945]","[1055, 834, -0.021, 0.943]","[1041, 484, -0.011, 1.0]","[1047, 485, -0.083, 1.0]","[1066, 532, 0.035, 1.0]","[1090, 535, -0.105, 1.0]","[1083, 594, 0.036, 0.509]","[1133, 599, -0.122, 0.999]","[1065, 631, -0.029, 0.609]","[1087, 643, -0.115, 0.997]",73,136,72.94,105.73,131,50,"[1105, 644]","[1044, 484]",37.96,138,99,37.96,51
"[1102, 650, 0.056, 0.994]","[1090, 658, -0.056, 1.0]","[1078, 735, 0.081, 0.644]","[1064, 744, -0.035, 0.979]","[1149, 700, 0.129, 0.827]","[1101, 838, 0.002, 0.991]","[1157, 688, 0.134, 0.925]","[1119, 852, 0.004, 0.967]","[1182, 725, 0.136, 0.866]","[1061, 867, -0.019, 0.985]","[1026, 487, 0.011, 1.0]","[1026, 488, -0.065, 1.0]","[1063, 530, 0.063, 0.998]","[1058, 539, -0.104, 1.0]","[1101, 598, 0.071, 0.031]","[1089, 611, -0.104, 0.993]","[1080, 641, 0.033, 0.021]","[1039, 642, -0.043, 0.963]",47,141,43.07,113.18,124,14,"[1096, 654]","[1026, 487]",10.45,124,98,10.45,52
"[1070, 657, 0.059, 0.999]","[1079, 666, -0.059, 1.0]","[1007, 724, 0.07, 0.942]","[1075, 753, -0.038, 0.996]","[1111, 717, 0.183, 0.881]","[1132, 838, 0.01, 0.999]","[1120, 704, 0.195, 0.925]","[1151, 851, 0.014, 0.979]","[1119, 758, 0.211, 0.935]","[1097, 866, -0.012, 0.998]","[1011, 489, -0.004, 1.0]","[1011, 490, -0.083, 1.0]","[1043, 536, 0.051, 1.0]","[1040, 542, -0.123, 1.0]","[1082, 608, 0.068, 0.168]","[1052, 621, -0.109, 0.989]","[1074, 647, 0.04, 0.139]","[992, 622, -0.037, 0.972]",42,143,43.63,108.06,88,15,"[1074, 661]","[1011, 489]",44.39,139,82,44.39,53
"[1042, 658, 0.041, 1.0]","[1059, 663, -0.041, 1.0]","[974, 702, 0.034, 0.995]","[1087, 757, -0.041, 0.999]","[1055, 745, 0.103, 0.99]","[1158, 830, 0.01, 0.999]","[1069, 747, 0.11, 0.971]","[1174, 838, 0.014, 0.977]","[1056, 792, 0.109, 0.986]","[1133, 865, -0.014, 0.998]","[995, 486, -0.001, 1.0]","[994, 488, -0.07, 1.0]","[1036, 535, 0.035, 1.0]","[1014, 539, -0.103, 1.0]","[1063, 599, 0.053, 0.308]","[1015, 614, -0.095, 0.938]","[1059, 619, 0.049, 0.093]","[962, 591, -0.027, 0.727]",60,152,50.58,111.64,73,33,"[1050, 660]","[994, 487]",72.27,145,65,72.27,54
"[1027, 656, 0.054, 1.0]","[1037, 662, -0.054, 1.0]","[949, 688, 0.074, 0.982]","[1091, 746, -0.073, 0.999]","[1002, 768, 0.148, 0.99]","[1164, 818, -0.059, 1.0]","[1020, 778, 0.154, 0.986]","[1184, 824, -0.058, 0.998]","[978, 808, 0.153, 0.987]","[1157, 860, -0.089, 0.999]","[977, 482, 0.013, 1.0]","[974, 483, -0.059, 1.0]","[1024, 528, 0.055, 1.0]","[991, 537, -0.098, 1.0]","[1073, 557, 0.085, 0.763]","[988, 606, -0.085, 0.994]","[1066, 606, 0.089, 0.559]","[945, 571, -0.004, 0.944]",78,167,65.29,114.45,35,53,"[1032, 659]","[975, 482]",87.27,112,53,87.27,55
"[1005, 656, 0.057, 1.0]","[1015, 660, -0.057, 1.0]","[926, 693, 0.075, 0.989]","[1078, 740, -0.078, 1.0]","[946, 787, 0.137, 0.997]","[1164, 788, -0.058, 1.0]","[960, 807, 0.142, 0.994]","[1182, 783, -0.056, 0.997]","[905, 807, 0.137, 0.994]","[1173, 833, -0.085, 0.999]","[958, 478, 0.035, 1.0]","[953, 480, -0.035, 1.0]","[1009, 522, 0.073, 1.0]","[968, 533, -0.083, 1.0]","[1059, 552, 0.095, 0.702]","[969, 603, -0.076, 0.998]","[1044, 606, 0.085, 0.545]","[929, 570, -0.0, 0.963]",103,157,82.85,113.27,0,79,"[1010, 658]","[955, 479]",91.75,105,49,91.75,56
"[999, 658, 0.057, 1.0]","[977, 662, -0.057, 0.999]","[986, 727, 0.043, 0.935]","[971, 738, -0.053, 0.994]","[1025, 797, 0.038, 0.986]","[1052, 775, -0.036, 0.996]","[1042, 808, 0.037, 0.986]","[1074, 778, -0.033, 0.994]","[1001, 820, 0.033, 0.979]","[1040, 795, -0.036, 0.995]","[938, 477, 0.042, 1.0]","[933, 480, -0.02, 1.0]","[994, 520, 0.073, 1.0]","[946, 528, -0.068, 1.0]","[1037, 563, 0.086, 0.747]","[956, 602, -0.078, 0.996]","[1017, 617, 0.079, 0.449]","[913, 583, -0.014, 0.897]",140,110,81.81,78.46,16,26,"[988, 660]","[935, 478]",10.76,114,58,10.76,57
"[972, 666, 0.056, 1.0]","[962, 668, -0.056, 1.0]","[908, 728, 0.102, 0.975]","[1005, 752, -0.072, 0.997]","[898, 823, 0.141, 0.995]","[1109, 720, -0.023, 0.992]","[911, 844, 0.143, 0.992]","[1116, 702, -0.017, 0.989]","[861, 835, 0.144, 0.989]","[1141, 750, -0.008, 0.988]","[924, 479, 0.047, 1.0]","[914, 482, -0.018, 1.0]","[974, 528, 0.079, 1.0]","[925, 525, -0.072, 1.0]","[1016, 573, 0.096, 0.528]","[944, 594, -0.044, 0.994]","[988, 610, 0.091, 0.309]","[910, 608, 0.063, 0.954]",140,100,107.44,96.52,349,117,"[967, 667]","[919, 480]",61.86,99,96,61.86,58
"[956, 663, 0.056, 1.0]","[947, 667, -0.056, 1.0]","[922, 744, 0.086, 0.873]","[952, 755, -0.06, 0.991]","[916, 836, 0.099, 0.981]","[1049, 712, 0.007, 0.967]","[930, 856, 0.098, 0.971]","[1053, 696, 0.014, 0.956]","[875, 856, 0.097, 0.974]","[1090, 736, 0.034, 0.97]","[899, 481, 0.041, 1.0]","[893, 484, -0.031, 1.0]","[939, 522, 0.086, 1.0]","[912, 528, -0.079, 1.0]","[973, 582, 0.092, 0.099]","[938, 600, -0.067, 0.99]","[949, 623, 0.07, 0.104]","[904, 636, 0.015, 0.957]",160,69,109.95,69.03,0,132,"[951, 665]","[896, 482]",19.79,120,116,19.79,59
"[951, 661, 0.059, 1.0]","[928, 664, -0.059, 1.0]","[922, 749, 0.081, 0.732]","[905, 750, -0.064, 0.996]","[945, 838, 0.094, 0.923]","[996, 717, -0.018, 0.987]","[959, 856, 0.092, 0.919]","[1005, 708, -0.013, 0.983]","[906, 860, 0.09, 0.876]","[1034, 751, 0.01, 0.982]","[884, 487, 0.058, 1.0]","[875, 489, -0.01, 1.0]","[923, 530, 0.097, 1.0]","[894, 532, -0.073, 1.0]","[935, 588, 0.1, 0.047]","[914, 601, -0.099, 0.989]","[909, 633, 0.069, 0.104]","[907, 650, -0.071, 0.96]",147,55,108.86,52.99,4,123,"[939, 662]","[879, 488]",10.47,138,155,10.47,60
"[924, 668, 0.063, 1.0]","[915, 667, -0.063, 1.0]","[918, 747, 0.099, 0.796]","[863, 734, -0.068, 0.996]","[973, 838, 0.127, 0.927]","[952, 732, 0.009, 0.981]","[991, 853, 0.127, 0.944]","[966, 726, 0.018, 0.978]","[941, 859, 0.13, 0.922]","[967, 760, 0.041, 0.979]","[868, 488, 0.02, 1.0]","[864, 491, -0.058, 1.0]","[890, 536, 0.084, 1.0]","[882, 538, -0.105, 1.0]","[898, 595, 0.134, 0.111]","[925, 590, -0.142, 0.998]","[847, 611, 0.124, 0.549]","[916, 640, -0.142, 0.996]",144,50,105.29,44.51,6,91,"[919, 667]","[866, 489]",33.63,99,130,33.63,61
"[909, 666, 0.046, 1.0]","[889, 664, -0.047, 1.0]","[934, 756, 0.068, 0.891]","[821, 712, 0.003, 0.989]","[998, 828, 0.029, 0.983]","[904, 755, 0.039, 0.99]","[1015, 838, 0.025, 0.977]","[922, 755, 0.044, 0.985]","[976, 859, 0.024, 0.98]","[899, 802, 0.064, 0.987]","[851, 488, 0.023, 1.0]","[849, 488, -0.035, 1.0]","[867, 539, 0.081, 1.0]","[868, 529, -0.073, 1.0]","[866, 598, 0.148, 0.397]","[914, 567, -0.124, 0.999]","[822, 585, 0.176, 0.947]","[909, 627, -0.145, 0.998]",153,62,106.72,53.25,28,63,"[899, 665]","[850, 488]",70.01,74,124,70.01,62
"[884, 657, 0.043, 1.0]","[867, 658, -0.044, 1.0]","[931, 735, 0.022, 0.973]","[789, 702, -0.018, 0.996]","[1003, 810, -0.013, 0.988]","[847, 781, 0.017, 0.996]","[1020, 815, -0.017, 0.984]","[863, 791, 0.022, 0.986]","[997, 850, -0.022, 0.983]","[822, 821, 0.027, 0.991]","[832, 486, 0.03, 1.0]","[831, 486, -0.037, 1.0]","[856, 532, 0.083, 1.0]","[852, 525, -0.064, 1.0]","[849, 589, 0.11, 0.257]","[901, 562, -0.08, 0.998]","[812, 569, 0.083, 0.779]","[894, 618, -0.046, 0.993]",167,83,111.73,71.83,56,36,"[875, 657]","[831, 486]",84.03,68,119,84.03,63
"[870, 655, 0.053, 1.0]","[847, 655, -0.053, 1.0]","[918, 730, 0.029, 0.977]","[775, 707, -0.035, 0.994]","[1006, 778, 0.007, 0.993]","[797, 805, 0.007, 0.995]","[1023, 778, 0.004, 0.993]","[813, 821, 0.012, 0.991]","[1013, 819, 0.001, 0.989]","[758, 824, 0.014, 0.992]","[814, 483, 0.037, 1.0]","[816, 483, -0.036, 1.0]","[833, 530, 0.099, 1.0]","[839, 519, -0.078, 1.0]","[831, 582, 0.138, 0.355]","[886, 554, -0.14, 1.0]","[796, 569, 0.133, 0.892]","[876, 609, -0.158, 0.999]",151,113,106.42,91.76,76,3,"[858, 655]","[815, 483]",84.06,71,116,84.06,64
"[851, 653, 0.053, 0.999]","[830, 658, -0.053, 1.0]","[888, 732, 0.052, 0.971]","[767, 714, -0.028, 0.992]","[985, 743, 0.05, 0.987]","[761, 816, 0.012, 0.997]","[1000, 733, 0.05, 0.992]","[772, 834, 0.016, 0.996]","[1011, 778, 0.042, 0.984]","[713, 831, 0.001, 0.995]","[794, 480, 0.015, 1.0]","[794, 481, -0.063, 1.0]","[816, 522, 0.079, 1.0]","[818, 521, -0.099, 1.0]","[819, 578, 0.15, 0.241]","[866, 565, -0.149, 0.999]","[785, 581, 0.178, 0.669]","[850, 615, -0.171, 0.998]",121,135,98.21,104.9,103,357,"[840, 655]","[794, 480]",74.43,91,114,74.43,65
"[835, 652, 0.052, 0.999]","[816, 655, -0.052, 1.0]","[855, 735, 0.063, 0.901]","[764, 731, -0.049, 0.99]","[939, 713, 0.082, 0.965]","[749, 826, -0.043, 0.994]","[947, 698, 0.084, 0.986]","[758, 845, -0.044, 0.991]","[969, 737, 0.084, 0.954]","[702, 838, -0.065, 0.984]","[773, 482, 0.035, 1.0]","[773, 484, -0.041, 1.0]","[802, 523, 0.089, 1.0]","[798, 526, -0.082, 1.0]","[817, 583, 0.092, 0.051]","[841, 584, -0.102, 0.999]","[781, 609, 0.042, 0.088]","[811, 632, -0.074, 0.997]",88,154,76.78,116.95,119,352,"[825, 653]","[773, 483]",58.0,111,111,58.0,66
"[821, 653, 0.053, 0.997]","[801, 656, -0.053, 1.0]","[823, 734, 0.079, 0.781]","[765, 744, -0.03, 0.994]","[894, 698, 0.13, 0.855]","[766, 836, 0.0, 0.992]","[900, 684, 0.135, 0.959]","[780, 853, 0.003, 0.987]","[931, 718, 0.143, 0.799]","[722, 854, -0.012, 0.965]","[759, 487, 0.035, 1.0]","[755, 490, -0.039, 1.0]","[794, 525, 0.082, 1.0]","[779, 533, -0.084, 1.0]","[809, 595, 0.077, 0.031]","[808, 601, -0.094, 0.991]","[790, 634, 0.027, 0.025]","[773, 641, -0.048, 0.965]",64,157,56.05,119.86,132,0,"[811, 654]","[757, 488]",38.47,141,115,38.47,67
"[807, 650, 0.052, 0.999]","[795, 656, -0.052, 1.0]","[790, 727, 0.088, 0.803]","[766, 746, -0.053, 0.992]","[848, 700, 0.148, 0.952]","[800, 833, -0.036, 0.997]","[864, 706, 0.154, 0.972]","[813, 845, -0.035, 0.987]","[876, 726, 0.154, 0.964]","[762, 855, -0.058, 0.995]","[744, 494, 0.022, 0.999]","[739, 496, -0.045, 1.0]","[779, 538, 0.067, 0.993]","[760, 547, -0.086, 1.0]","[809, 590, 0.082, 0.015]","[778, 617, -0.081, 0.991]","[801, 628, 0.059, 0.024]","[731, 637, -0.021, 0.973]",52,140,42.42,116.17,120,11,"[801, 653]","[741, 495]",20.08,138,98,20.08,68
"[790, 659, 0.049, 0.998]","[783, 665, -0.049, 1.0]","[726, 710, 0.069, 0.88]","[774, 748, -0.029, 0.998]","[813, 720, 0.159, 0.833]","[830, 826, 0.007, 0.999]","[825, 711, 0.168, 0.894]","[848, 840, 0.009, 0.985]","[820, 748, 0.185, 0.903]","[796, 852, -0.008, 0.998]","[737, 497, 0.012, 1.0]","[727, 500, -0.043, 1.0]","[780, 543, 0.042, 1.0]","[737, 553, -0.083, 1.0]","[819, 590, 0.051, 0.7]","[740, 621, -0.055, 0.994]","[813, 633, 0.032, 0.664]","[697, 620, 0.025, 0.939]",45,138,42.0,108.05,82,12,"[786, 662]","[732, 498]",39.44,132,86,39.44,69
"[776, 654, 0.044, 0.999]","[768, 663, -0.044, 1.0]","[700, 685, 0.073, 0.852]","[789, 751, -0.042, 0.999]","[769, 736, 0.16, 0.894]","[854, 818, -0.018, 1.0]","[785, 738, 0.168, 0.884]","[868, 819, -0.015, 0.996]","[760, 766, 0.168, 0.933]","[839, 852, -0.043, 0.999]","[728, 495, -0.004, 1.0]","[715, 497, -0.038, 1.0]","[771, 536, 0.02, 0.999]","[718, 549, -0.066, 1.0]","[816, 574, 0.035, 0.853]","[716, 610, -0.019, 0.991]","[811, 626, 0.035, 0.862]","[678, 592, 0.077, 0.903]",58,149,51.73,111.42,48,48,"[772, 658]","[721, 496]",69.64,124,66,69.64,70
"[745, 652, 0.041, 1.0]","[726, 655, -0.041, 1.0]","[674, 681, 0.051, 0.973]","[786, 731, -0.054, 0.999]","[681, 767, 0.103, 0.991]","[861, 778, -0.035, 0.998]","[691, 783, 0.108, 0.986]","[878, 773, -0.032, 0.995]","[648, 777, 0.107, 0.973]","[870, 812, -0.046, 0.993]","[713, 488, 0.053, 1.0]","[696, 491, 0.025, 1.0]","[755, 530, 0.056, 1.0]","[690, 538, -0.022, 1.0]","[802, 560, 0.061, 0.975]","[686, 598, 0.018, 0.999]","[797, 607, 0.055, 0.833]","[667, 564, 0.119, 0.898]",107,160,84.36,117.06,352,78,"[735, 653]","[704, 489]",78.62,116,33,78.62,72
"[735, 645, 0.041, 1.0]","[715, 650, -0.041, 1.0]","[672, 696, 0.046, 0.921]","[756, 726, -0.06, 0.998]","[659, 780, 0.078, 0.987]","[845, 738, -0.045, 0.996]","[666, 796, 0.081, 0.981]","[857, 730, -0.042, 0.989]","[622, 781, 0.071, 0.967]","[865, 772, -0.055, 0.988]","[697, 487, 0.072, 1.0]","[684, 489, 0.042, 1.0]","[745, 530, 0.071, 1.0]","[681, 532, -0.0, 1.0]","[786, 564, 0.067, 0.961]","[681, 595, 0.041, 0.995]","[778, 612, 0.05, 0.876]","[664, 575, 0.137, 0.74]",137,126,104.85,106.25,341,100,"[725, 647]","[690, 488]",60.37,120,40,60.37,73
"[731, 633, 0.031, 1.0]","[709, 640, -0.031, 1.0]","[677, 705, 0.051, 0.769]","[726, 726, -0.031, 0.995]","[661, 789, 0.078, 0.98]","[813, 712, 0.003, 0.993]","[668, 801, 0.08, 0.934]","[825, 702, 0.008, 0.982]","[629, 795, 0.068, 0.941]","[840, 740, 0.007, 0.983]","[688, 487, 0.048, 0.997]","[677, 490, 0.023, 0.997]","[735, 531, 0.052, 1.0]","[672, 533, -0.005, 1.0]","[772, 577, 0.062, 0.815]","[681, 594, 0.033, 0.962]","[750, 619, 0.061, 0.764]","[656, 595, 0.123, 0.387]",153,92,118.99,88.03,351,111,"[720, 636]","[682, 488]",37.1,113,83,37.1,74
"[719, 644, 0.037, 1.0]","[695, 643, -0.037, 1.0]","[688, 723, 0.04, 0.831]","[688, 728, -0.049, 0.992]","[680, 802, 0.019, 0.983]","[768, 700, -0.048, 0.983]","[688, 818, 0.015, 0.973]","[777, 689, -0.046, 0.991]","[652, 814, 0.004, 0.968]","[802, 723, -0.034, 0.985]","[682, 489, 0.067, 1.0]","[669, 492, 0.034, 1.0]","[724, 537, 0.072, 1.0]","[665, 527, -0.01, 1.0]","[755, 591, 0.08, 0.783]","[674, 589, 0.002, 0.986]","[730, 617, 0.089, 0.334]","[656, 620, 0.074, 0.715]",164,66,115.03,65.46,353,126,"[707, 643]","[675, 490]",3.53,106,141,3.53,75
"[716, 649, 0.042, 1.0]","[686, 646, -0.042, 1.0]","[690, 724, 0.052, 0.857]","[666, 715, -0.049, 0.994]","[708, 807, -0.01, 0.987]","[736, 697, -0.08, 0.994]","[718, 823, -0.018, 0.983]","[746, 690, -0.083, 0.995]","[681, 817, -0.032, 0.983]","[762, 732, -0.074, 0.995]","[677, 495, 0.074, 1.0]","[661, 498, 0.035, 1.0]","[712, 537, 0.087, 1.0]","[658, 534, -0.02, 1.0]","[730, 598, 0.093, 0.48]","[669, 592, -0.029, 0.973]","[711, 621, 0.094, 0.224]","[661, 635, 0.008, 0.798]",148,59,114.37,51.63,350,110,"[701, 647]","[669, 496]",18.53,123,158,18.53,76
"[716, 666, 0.047, 1.0]","[682, 662, -0.047, 1.0]","[698, 726, 0.125, 0.538]","[636, 696, -0.002, 0.971]","[731, 798, 0.052, 0.816]","[704, 714, -0.047, 0.953]","[740, 810, 0.045, 0.902]","[711, 712, -0.049, 0.979]","[712, 815, 0.054, 0.74]","[711, 733, -0.026, 0.941]","[672, 503, 0.054, 0.999]","[653, 505, 0.007, 1.0]","[703, 538, 0.072, 1.0]","[653, 537, -0.052, 1.0]","[714, 595, 0.076, 0.111]","[663, 597, -0.091, 0.955]","[701, 627, 0.067, 0.094]","[660, 632, -0.09, 0.868]",138,51,97.02,41.23,10,90,"[699, 664]","[662, 504]",50.3,146,165,50.3,77
"[702, 648, 0.037, 1.0]","[673, 645, -0.037, 1.0]","[713, 720, 0.041, 0.974]","[618, 677, 0.002, 0.995]","[762, 788, -0.064, 0.991]","[678, 726, -0.021, 0.993]","[776, 798, -0.075, 0.985]","[694, 729, -0.022, 0.992]","[749, 817, -0.082, 0.988]","[666, 762, -0.011, 0.991]","[664, 494, 0.063, 1.0]","[649, 498, 0.016, 1.0]","[689, 526, 0.081, 1.0]","[652, 533, -0.033, 1.0]","[683, 572, 0.088, 0.041]","[656, 578, -0.081, 0.975]","[662, 594, 0.073, 0.115]","[656, 613, -0.091, 0.955]",152,69,105.89,56.42,35,49,"[687, 646]","[656, 496]",72.5,143,174,72.5,78
"[694, 638, 0.031, 1.0]","[660, 635, -0.032, 1.0]","[720, 704, 0.02, 0.978]","[608, 668, 0.01, 0.993]","[773, 773, -0.047, 0.974]","[645, 741, 0.021, 0.988]","[784, 779, -0.053, 0.96]","[655, 752, 0.024, 0.981]","[776, 802, -0.063, 0.908]","[619, 766, 0.023, 0.949]","[657, 492, 0.058, 0.999]","[646, 494, 0.016, 1.0]","[681, 526, 0.067, 1.0]","[650, 530, -0.029, 1.0]","[683, 564, 0.056, 0.044]","[658, 577, -0.076, 0.878]","[674, 599, 0.025, 0.078]","[652, 603, -0.085, 0.824]",163,95,108.27,74.1,70,21,"[677, 636]","[651, 493]",81.43,162,157,81.43,79
"[689, 636, 0.042, 1.0]","[656, 633, -0.042, 1.0]","[717, 696, 0.039, 0.932]","[605, 673, 0.002, 0.983]","[779, 738, -0.036, 0.953]","[617, 750, 0.007, 0.984]","[790, 737, -0.041, 0.959]","[628, 764, 0.009, 0.98]","[791, 772, -0.046, 0.949]","[581, 763, 0.013, 0.973]","[646, 491, 0.054, 0.999]","[636, 493, 0.001, 1.0]","[673, 521, 0.08, 1.0]","[646, 524, -0.049, 1.0]","[651, 551, 0.121, 0.078]","[657, 561, -0.139, 0.964]","[616, 558, 0.152, 0.257]","[652, 595, -0.198, 0.95]",149,119,99.56,90.26,91,358,"[672, 634]","[641, 492]",83.68,137,155,83.68,80
"[683, 628, 0.039, 1.0]","[657, 630, -0.039, 0.999]","[704, 696, 0.036, 0.948]","[608, 679, -0.023, 0.989]","[773, 704, 0.023, 0.969]","[601, 757, -0.002, 0.985]","[782, 695, 0.023, 0.967]","[609, 771, 0.001, 0.979]","[795, 731, 0.02, 0.931]","[567, 766, 0.001, 0.956]","[643, 484, 0.032, 0.999]","[633, 488, -0.016, 0.999]","[664, 518, 0.065, 0.999]","[641, 522, -0.061, 1.0]","[651, 553, 0.127, 0.188]","[654, 567, -0.125, 0.983]","[624, 557, 0.19, 0.625]","[645, 604, -0.161, 0.985]",113,140,88.41,104.17,109,353,"[670, 629]","[638, 486]",73.17,118,150,73.17,81
"[677, 626, 0.038, 0.999]","[652, 625, -0.038, 1.0]","[692, 698, 0.039, 0.97]","[616, 690, -0.027, 0.995]","[746, 677, 0.043, 0.988]","[604, 763, -0.018, 0.991]","[751, 666, 0.044, 0.993]","[610, 778, -0.018, 0.989]","[771, 696, 0.041, 0.971]","[571, 771, -0.029, 0.969]","[639, 486, 0.052, 1.0]","[628, 489, 0.003, 1.0]","[665, 524, 0.082, 0.999]","[635, 523, -0.044, 1.0]","[672, 575, 0.084, 0.038]","[654, 574, -0.063, 0.98]","[648, 598, 0.069, 0.024]","[633, 612, -0.05, 0.969]",80,160,67.94,115.69,123,349,"[664, 625]","[633, 487]",60.51,125,130,60.51,82
"[677, 629, 0.036, 0.997]","[648, 628, -0.036, 1.0]","[674, 697, 0.039, 0.956]","[624, 700, -0.025, 0.998]","[722, 664, 0.071, 0.907]","[624, 770, -0.015, 0.986]","[725, 650, 0.075, 0.965]","[633, 784, -0.014, 0.98]","[747, 677, 0.086, 0.701]","[595, 788, -0.018, 0.896]","[639, 490, 0.062, 1.0]","[624, 493, 0.023, 1.0]","[669, 529, 0.078, 0.999]","[630, 530, -0.027, 1.0]","[683, 579, 0.09, 0.112]","[640, 584, -0.024, 0.97]","[654, 606, 0.098, 0.032]","[619, 615, 0.028, 0.805]",52,161,46.76,118.13,129,6,"[662, 628]","[631, 491]",41.09,117,135,41.09,83
"[680, 630, 0.034, 0.999]","[652, 632, -0.034, 1.0]","[660, 689, 0.05, 0.915]","[638, 703, -0.028, 0.999]","[702, 663, 0.089, 0.849]","[658, 772, -0.021, 0.996]","[706, 654, 0.093, 0.948]","[670, 783, -0.02, 0.991]","[726, 685, 0.102, 0.71]","[630, 787, -0.028, 0.976]","[634, 495, 0.057, 1.0]","[622, 498, 0.026, 1.0]","[674, 534, 0.061, 0.999]","[623, 540, -0.015, 1.0]","[697, 576, 0.073, 0.794]","[630, 593, 0.0, 0.996]","[685, 607, 0.086, 0.407]","[604, 611, 0.059, 0.917]",39,152,32.81,115.93,122,5,"[666, 631]","[628, 496]",21.57,130,117,21.57,84
"[679, 628, 0.031, 1.0]","[655, 636, -0.031, 1.0]","[663, 659, 0.082, 0.809]","[654, 700, -0.018, 0.999]","[693, 680, 0.13, 0.728]","[689, 767, -0.024, 0.998]","[699, 675, 0.136, 0.852]","[703, 780, -0.024, 0.995]","[696, 705, 0.151, 0.609]","[661, 788, -0.034, 0.982]","[643, 499, 0.023, 1.0]","[624, 503, 0.004, 1.0]","[676, 536, 0.025, 1.0]","[618, 542, -0.026, 1.0]","[707, 570, 0.039, 0.94]","[619, 594, 0.015, 0.995]","[702, 611, 0.048, 0.89]","[597, 597, 0.094, 0.923]",97,151,43.73,109.9,84,10,"[667, 632]","[633, 501]",34.09,130,96,34.09,85
"[667, 627, 0.027, 0.999]","[656, 637, -0.027, 1.0]","[623, 646, 0.052, 0.609]","[672, 703, -0.041, 0.995]","[670, 697, 0.104, 0.591]","[715, 760, -0.048, 0.987]","[678, 702, 0.11, 0.746]","[729, 767, -0.048, 0.973]","[665, 712, 0.117, 0.637]","[691, 785, -0.063, 0.973]","[644, 498, 0.009, 1.0]","[627, 500, -0.003, 1.0]","[677, 533, 0.006, 1.0]","[620, 541, -0.028, 1.0]","[714, 564, 0.009, 0.982]","[616, 587, 0.016, 0.99]","[710, 605, 0.007, 0.937]","[600, 574, 0.097, 0.734]",70,156,55.41,107.88,37,25,"[661, 632]","[635, 499]",59.44,124,55,59.44,86
"[668, 624, 0.032, 1.0]","[654, 626, -0.032, 1.0]","[627, 645, 0.071, 0.963]","[675, 685, -0.046, 1.0]","[652, 701, 0.119, 0.982]","[722, 745, -0.052, 0.999]","[662, 707, 0.124, 0.976]","[733, 747, -0.051, 0.998]","[636, 724, 0.127, 0.961]","[718, 778, -0.063, 0.997]","[644, 497, 0.02, 1.0]","[630, 498, 0.001, 1.0]","[678, 528, 0.02, 1.0]","[620, 536, -0.027, 1.0]","[716, 554, 0.027, 0.995]","[614, 582, 0.016, 0.991]","[715, 593, 0.032, 0.933]","[608, 556, 0.099, 0.458]",93,161,63.75,111.09,33,64,"[661, 625]","[637, 497]",50.65,122,20,50.65,87
"[669, 619, 0.032, 1.0]","[648, 622, -0.032, 1.0]","[636, 650, 0.067, 0.897]","[662, 673, -0.051, 0.999]","[632, 712, 0.11, 0.968]","[729, 720, -0.054, 0.998]","[638, 724, 0.114, 0.965]","[745, 718, -0.053, 0.997]","[612, 718, 0.114, 0.911]","[736, 749, -0.059, 0.991]","[649, 495, 0.046, 1.0]","[635, 496, 0.034, 1.0]","[681, 525, 0.036, 1.0]","[620, 534, -0.005, 1.0]","[717, 550, 0.027, 0.997]","[617, 580, 0.022, 0.994]","[713, 590, 0.021, 0.865]","[631, 583, 0.086, 0.226]",136,140,83.88,106.55,347,73,"[658, 620]","[642, 495]",29.09,119,98,29.09,88
"[670, 615, 0.018, 1.0]","[648, 618, -0.018, 1.0]","[645, 652, 0.047, 0.948]","[656, 663, 0.029, 0.967]","[626, 714, 0.023, 0.979]","[721, 691, 0.008, 0.983]","[625, 726, 0.022, 0.982]","[733, 687, 0.008, 0.988]","[612, 720, 0.023, 0.918]","[735, 709, 0.013, 0.958]","[655, 496, 0.044, 0.999]","[637, 498, 0.03, 0.999]","[688, 529, 0.026, 1.0]","[626, 533, -0.006, 1.0]","[717, 558, 0.023, 0.977]","[625, 573, 0.013, 0.964]","[706, 593, 0.035, 0.613]","[641, 586, 0.063, 0.469]",162,123,98.27,93.65,335,95,"[659, 616]","[646, 497]",14.11,117,127,14.11,89
"[666, 589, 0.02, 1.0]","[643, 584, -0.02, 1.0]","[677, 638, 0.027, 0.452]","[645, 623, -0.014, 0.954]","[699, 672, 0.021, 0.818]","[698, 655, -0.023, 0.943]","[703, 676, 0.021, 0.836]","[718, 660, -0.023, 0.96]","[700, 685, 0.019, 0.744]","[705, 669, -0.02, 0.905]","[661, 497, 0.037, 1.0]","[647, 495, 0.027, 1.0]","[688, 532, 0.027, 1.0]","[637, 529, 0.008, 1.0]","[712, 561, 0.027, 0.997]","[627, 570, 0.031, 0.949]","[700, 595, 0.035, 0.977]","[634, 573, 0.087, 0.154]",159,124,95.59,96.11,71,34,"[654, 586]","[654, 496]",37.82,120,99,37.82,90
"[693, 556, -0.004, 1.0]","[682, 556, 0.004, 1.0]","[697, 576, -0.002, 0.963]","[672, 567, 0.009, 0.881]","[692, 593, -0.005, 0.918]","[662, 582, 0.003, 0.814]","[691, 595, -0.006, 0.979]","[662, 585, 0.002, 0.865]","[691, 597, -0.01, 0.844]","[657, 584, -0.001, 0.721]","[678, 523, 0.031, 0.997]","[674, 524, 0.038, 0.995]","[685, 529, 0.022, 1.0]","[673, 533, 0.031, 1.0]","[686, 527, 0.004, 0.78]","[668, 537, 0.025, 0.296]","[684, 521, -0.012, 0.824]","[665, 537, 0.017, 0.331]",152,171,106.15,94.07,90,348,"[687, 556]","[676, 523]",76.2,135,141,76.2,95
"[678, 529, -0.006, 1.0]","[671, 527, 0.006, 1.0]","[681, 547, -0.009, 0.741]","[675, 549, 0.001, 0.214]","[684, 563, -0.01, 0.678]","[672, 568, -0.001, 0.299]","[683, 566, -0.011, 0.787]","[671, 570, -0.002, 0.616]","[687, 566, -0.017, 0.672]","[674, 574, -0.007, 0.349]","[689, 514, 0.035, 0.996]","[685, 512, 0.038, 0.997]","[690, 515, 0.024, 1.0]","[678, 509, 0.027, 0.999]","[689, 515, 0.012, 0.78]","[671, 503, 0.017, 0.956]","[682, 510, -0.0, 0.766]","[671, 497, 0.004, 0.705]",178,160,124.92,148.39,179,126,"[674, 528]","[687, 513]",22.88,144,130,22.88,97
"[679, 530, 0.0, 1.0]","[701, 526, -0.001, 1.0]","[684, 566, 0.026, 0.34]","[703, 523, 0.015, 0.833]","[679, 590, 0.073, 0.398]","[683, 497, 0.085, 0.417]","[679, 593, 0.078, 0.388]","[681, 499, 0.092, 0.43]","[680, 597, 0.074, 0.441]","[680, 481, 0.09, 0.342]","[672, 602, -0.081, 0.996]","[691, 603, -0.077, 0.995]","[669, 588, -0.078, 0.998]","[711, 594, -0.084, 0.998]","[668, 607, -0.113, 0.305]","[725, 617, -0.113, 0.69]","[671, 633, -0.169, 0.674]","[729, 645, -0.153, 0.802]",160,108,189.72,107.92,104,273,"[690, 528]","[681, 602]",148.64,170,156,148.64,98
"[695, 559, 0.002, 1.0]","[694, 552, -0.002, 1.0]","[699, 564, -0.053, 0.457]","[691, 535, 0.007, 0.773]","[698, 565, -0.102, 0.147]","[680, 537, -0.021, 0.652]","[697, 563, -0.108, 0.643]","[676, 536, -0.025, 0.901]","[701, 567, -0.132, 0.474]","[679, 539, -0.046, 0.831]","[695, 626, 0.091, 0.996]","[704, 625, 0.091, 0.989]","[697, 614, 0.067, 1.0]","[702, 612, 0.063, 1.0]","[702, 638, 0.03, 0.5]","[696, 653, 0.03, 0.494]","[705, 674, -0.004, 0.79]","[675, 695, 0.002, 0.722]",96,89,16.03,49.03,134,134,"[694, 555]","[699, 625]",71.89,172,161,71.89,99
"[727, 491, -0.005, 0.999]","[751, 500, 0.005, 0.999]","[712, 479, 0.037, 0.277]","[733, 506, 0.063, 0.232]","[727, 485, 0.107, 0.167]","[730, 492, 0.119, 0.275]","[730, 486, 0.115, 0.285]","[731, 488, 0.125, 0.303]","[728, 493, 0.12, 0.096]","[723, 497, 0.128, 0.183]","[714, 580, -0.046, 0.999]","[727, 584, -0.048, 0.999]","[704, 558, -0.043, 1.0]","[746, 567, -0.04, 1.0]","[703, 531, -0.01, 0.415]","[769, 537, -0.009, 0.982]","[710, 550, 0.03, 0.168]","[771, 562, 0.021, 0.945]",16,83,11.7,43.82,74,48,"[739, 495]","[720, 582]",66.69,18,42,66.69,104
"[718, 517, 0.002, 0.999]","[746, 515, -0.002, 0.999]","[720, 582, 0.022, 0.397]","[761, 557, 0.015, 0.563]","[730, 617, 0.088, 0.733]","[746, 547, 0.108, 0.536]","[733, 622, 0.094, 0.636]","[740, 546, 0.116, 0.451]","[733, 629, 0.062, 0.781]","[750, 544, 0.092, 0.596]","[721, 588, -0.134, 0.991]","[739, 583, -0.13, 0.992]","[712, 585, -0.109, 0.999]","[754, 570, -0.107, 0.998]","[720, 616, -0.12, 0.78]","[768, 549, -0.093, 0.351]","[714, 653, -0.159, 0.941]","[768, 546, -0.113, 0.221]",165,36,2777.6,882.5,90,191,"[732, 516]","[730, 585]",1324.33,156,146,1324.33,105
"[733, 518, 0.007, 1.0]","[757, 515, -0.007, 1.0]","[741, 522, 0.11, 0.056]","[759, 528, 0.094, 0.084]","[740, 506, 0.191, 0.111]","[747, 501, 0.172, 0.252]","[737, 495, 0.2, 0.202]","[745, 497, 0.181, 0.372]","[742, 485, 0.196, 0.168]","[743, 499, 0.178, 0.397]","[745, 616, -0.026, 0.941]","[757, 619, -0.039, 0.862]","[735, 596, -0.013, 0.998]","[767, 600, -0.047, 0.998]","[746, 582, 0.03, 0.063]","[761, 621, -0.064, 0.668]","[750, 599, 0.07, 0.122]","[756, 650, -0.082, 0.85]",59,15,23.21,28.74,243,45,"[745, 516]","[751, 617]",31.7,51,173,31.7,107
"[732, 505, 0.008, 1.0]","[775, 501, -0.008, 1.0]","[730, 514, 0.081, 0.185]","[783, 517, 0.046, 0.442]","[738, 490, 0.08, 0.538]","[751, 497, 0.057, 0.664]","[737, 489, 0.081, 0.643]","[743, 499, 0.059, 0.687]","[746, 473, 0.083, 0.607]","[741, 481, 0.066, 0.732]","[747, 616, -0.049, 0.999]","[762, 613, -0.049, 0.999]","[743, 605, -0.047, 1.0]","[770, 593, -0.048, 0.999]","[743, 631, -0.05, 0.594]","[766, 600, -0.061, 0.422]","[743, 668, -0.055, 0.884]","[752, 624, -0.101, 0.526]",5,31,23.53,35.44,240,276,"[753, 503]","[754, 614]",77.32,180,179,77.32,108
"[752, 529, 0.01, 1.0]","[775, 532, -0.011, 1.0]","[751, 536, 0.107, 0.051]","[775, 544, 0.077, 0.162]","[751, 510, 0.139, 0.292]","[763, 513, 0.109, 0.547]","[750, 508, 0.142, 0.427]","[759, 509, 0.114, 0.642]","[746, 489, 0.14, 0.407]","[752, 500, 0.114, 0.715]","[753, 619, -0.025, 0.989]","[761, 623, -0.047, 0.983]","[740, 604, -0.011, 0.999]","[765, 615, -0.054, 0.999]","[756, 618, 0.017, 0.076]","[765, 637, -0.077, 0.811]","[760, 651, 0.023, 0.333]","[768, 666, -0.101, 0.888]",8,21,31.56,37.27,281,307,"[763, 530]","[757, 621]",41.96,138,174,41.96,109
"[760, 533, -0.003, 1.0]","[785, 535, 0.003, 1.0]","[747, 535, 0.029, 0.109]","[773, 531, 0.042, 0.145]","[759, 522, 0.023, 0.528]","[767, 517, 0.034, 0.442]","[762, 523, 0.022, 0.732]","[765, 517, 0.033, 0.6]","[763, 509, 0.017, 0.692]","[765, 506, 0.027, 0.607]","[751, 612, -0.034, 0.997]","[765, 616, -0.035, 0.995]","[748, 596, -0.039, 1.0]","[779, 604, -0.044, 1.0]","[742, 604, -0.069, 0.404]","[776, 623, -0.073, 0.916]","[763, 612, -0.107, 0.261]","[773, 636, -0.108, 0.745]",38,131,20.94,48.26,265,270,"[772, 534]","[758, 614]",49.87,73,175,49.87,110
"[795, 544, 0.02, 1.0]","[795, 549, -0.02, 1.0]","[797, 596, 0.024, 0.684]","[797, 565, -0.032, 0.994]","[819, 652, 0.014, 0.868]","[833, 612, -0.038, 0.983]","[823, 656, 0.013, 0.929]","[839, 619, -0.038, 0.987]","[818, 674, 0.002, 0.917]","[834, 627, -0.05, 0.982]","[761, 575, 0.099, 0.999]","[761, 579, 0.082, 0.999]","[765, 558, 0.093, 1.0]","[763, 579, 0.049, 1.0]","[776, 544, 0.087, 0.546]","[759, 606, 0.033, 0.955]","[782, 529, 0.075, 0.755]","[764, 631, 0.025, 0.855]",160,149,267.28,177.74,74,57,"[795, 546]","[761, 577]",74.89,163,160,74.89,112
"[801, 501, -0.01, 0.997]","[817, 512, 0.01, 0.995]","[780, 528, 0.042, 0.395]","[798, 544, 0.058, 0.081]","[777, 523, 0.103, 0.496]","[801, 547, 0.116, 0.363]","[779, 519, 0.109, 0.435]","[804, 545, 0.121, 0.374]","[768, 529, 0.101, 0.512]","[795, 557, 0.115, 0.567]","[765, 574, -0.065, 0.993]","[774, 581, -0.046, 0.981]","[771, 550, -0.066, 0.999]","[794, 579, -0.043, 0.997]","[772, 529, -0.047, 0.958]","[807, 612, -0.048, 0.885]","[775, 520, -0.008, 0.749]","[824, 634, -0.054, 0.918]",68,104,138.25,163.42,42,53,"[809, 506]","[769, 577]",102.27,164,163,102.27,113
"[783, 505, -0.009, 0.999]","[800, 505, 0.009, 0.998]","[787, 558, -0.01, 0.728]","[801, 535, 0.038, 0.492]","[810, 602, 0.031, 0.927]","[808, 535, 0.111, 0.645]","[805, 600, 0.033, 0.911]","[807, 535, 0.117, 0.582]","[812, 621, 0.003, 0.928]","[814, 538, 0.096, 0.699]","[780, 587, -0.069, 0.999]","[793, 588, -0.05, 0.999]","[773, 576, -0.072, 1.0]","[801, 575, -0.04, 0.998]","[766, 608, -0.084, 0.985]","[814, 606, -0.04, 0.903]","[761, 642, -0.1, 0.992]","[828, 636, -0.064, 0.935]",156,91,578.65,178.43,108,156,"[791, 505]","[786, 587]",154.74,176,177,154.74,114
"[815, 522, -0.008, 0.999]","[835, 527, 0.008, 0.999]","[795, 548, 0.029, 0.211]","[819, 547, 0.051, 0.063]","[805, 530, 0.095, 0.164]","[817, 524, 0.105, 0.134]","[809, 526, 0.102, 0.202]","[817, 520, 0.111, 0.099]","[802, 531, 0.104, 0.218]","[813, 524, 0.11, 0.218]","[820, 596, -0.061, 0.988]","[828, 595, -0.061, 0.989]","[809, 588, -0.061, 0.999]","[824, 586, -0.044, 0.996]","[812, 615, -0.056, 0.49]","[819, 607, -0.025, 0.658]","[819, 629, -0.052, 0.493]","[822, 626, -0.015, 0.586]",8,43,33.55,47.81,35,45,"[825, 524]","[824, 595]",62.93,159,157,62.93,118
